<?xml version="1.0" encoding="UTF-8"?>
<!DOCTYPE bindings PUBLIC "-//NetBeans//DTD Editor KeyBindings settings 1.1//EN" "http://www.netbeans.org/dtds/EditorKeyBindings-1_1.dtd">
<bindings>
    <bind actionName="goto" key="D-G"/>
    <bind actionName="goto-declaration" key="SO-G"/>
    <bind actionName="jump-list-next" key="D-RIGHT"/>
    <bind actionName="jump-list-prev" key="D-LEFT"/>
    <bind actionName="select-element-next" key="SDO-UP"/>
    <bind actionName="select-element-previous" key="SDO-DOWN"/>
    <bind key="SD-G" remove="true"/>
    <bind key="S-SPACE" remove="true"/>
    <bind key="O-BACK_SPACE" remove="true"/>
    <bind key="S-F10" remove="true"/>
</bindings>
